{"cameraMode":{"drawMode":0,"name":"Shaded","section":"Shading Mode"},"sceneLighting":false,"audioPlay":false,"sceneViewState":{"m_AlwaysRefresh":false,"showFog":false,"showSkybox":false,"showFlares":false,"showImageEffects":false,"showParticleSystems":false,"showVisualEffectGraphs":true,"m_FxEnabled":true},"in2DMode":false,"pivot":{"x":0.0013200249522924424,"y":0.019570328295230867,"z":0.0006206631660461426},"rotation":{"x":-0.2907164990901947,"y":0.11787566542625427,"z":-0.03611605241894722,"w":-0.9488414525985718},"size":0.02849275805056095,"orthographic":false}