{"cameraMode":{"drawMode":0,"name":"Shaded","section":"Shading Mode"},"sceneLighting":true,"audioPlay":false,"sceneViewState":{"m_AlwaysRefresh":false,"showFog":true,"showSkybox":true,"showFlares":true,"showImageEffects":true,"showParticleSystems":true,"showVisualEffectGraphs":true,"m_FxEnabled":true},"in2DMode":false,"pivot":{"x":4.674291133880615,"y":-3.6015372276306154,"z":4.6157307624816898},"rotation":{"x":-0.5040468573570252,"y":-0.00982421264052391,"z":0.005781854502856731,"w":-0.8636160492897034},"size":6.5698065757751469,"orthographic":false}