{"cameraMode":{"drawMode":0,"name":"Shaded","section":"Shading Mode"},"sceneLighting":false,"audioPlay":false,"sceneViewState":{"m_AlwaysRefresh":false,"showFog":true,"showSkybox":false,"showFlares":true,"showImageEffects":true,"showParticleSystems":true,"showVisualEffectGraphs":true,"m_FxEnabled":true},"in2DMode":false,"pivot":{"x":-0.3955634832382202,"y":0.4696510434150696,"z":1.9996047019958497},"rotation":{"x":0.2813867926597595,"y":-0.599166989326477,"z":0.23710620403289796,"w":0.7110886573791504},"size":0.46011117100715639,"orthographic":false}