{"cameraMode":{"drawMode":0,"name":"Shaded","section":"Shading Mode"},"sceneLighting":false,"audioPlay":false,"sceneViewState":{"m_AlwaysRefresh":false,"showFog":false,"showSkybox":false,"showFlares":false,"showImageEffects":false,"showParticleSystems":false,"showVisualEffectGraphs":true,"m_FxEnabled":true},"in2DMode":false,"pivot":{"x":-0.03535440191626549,"y":1.5872445106506348,"z":-0.3194379210472107},"rotation":{"x":0.020459560677409173,"y":0.978249728679657,"z":-0.11826413124799729,"w":0.16923540830612184},"size":0.3043058514595032,"orthographic":false}