{"cameraMode":{"drawMode":0,"name":"Shaded","section":"Shading Mode"},"sceneLighting":false,"audioPlay":false,"sceneViewState":{"m_AlwaysRefresh":false,"showFog":false,"showSkybox":false,"showFlares":false,"showImageEffects":false,"showParticleSystems":false,"showVisualEffectGraphs":true,"m_FxEnabled":true},"in2DMode":false,"pivot":{"x":0.1393832117319107,"y":0.06252193450927735,"z":-0.5851839780807495},"rotation":{"x":-0.002862317254766822,"y":0.731477677822113,"z":-0.6818649768829346,"w":-0.0030700331553816797},"size":4.584244728088379,"orthographic":false}