{"cameraMode":{"drawMode":0,"name":"Shaded","section":"Shading Mode"},"sceneLighting":false,"audioPlay":false,"sceneViewState":{"m_AlwaysRefresh":false,"showFog":true,"showSkybox":false,"showFlares":true,"showImageEffects":true,"showParticleSystems":true,"showVisualEffectGraphs":true,"m_FxEnabled":true},"in2DMode":false,"pivot":{"x":-0.001823623664677143,"y":-0.010999299585819245,"z":-3.725290298461914e-9},"rotation":{"x":-0.01446736790239811,"y":0.9843637347221375,"z":-0.14606356620788575,"w":-0.09747480601072312},"size":0.06729507446289063,"orthographic":false}