{"cameraMode":{"drawMode":0,"name":"Shaded","section":"Shading Mode"},"sceneLighting":false,"audioPlay":false,"sceneViewState":{"m_AlwaysRefresh":false,"showFog":true,"showSkybox":false,"showFlares":true,"showImageEffects":true,"showParticleSystems":true,"showVisualEffectGraphs":true,"m_FxEnabled":true},"in2DMode":false,"pivot":{"x":-0.6557350158691406,"y":21.945524215698243,"z":-0.18702125549316407},"rotation":{"x":0.2901107370853424,"y":0.7088068127632141,"z":-0.47747424244880679,"w":0.4306642711162567},"size":18.023569107055665,"orthographic":false}