{"cameraMode":{"drawMode":0,"name":"Shaded","section":"Shading Mode"},"sceneLighting":false,"audioPlay":false,"sceneViewState":{"m_AlwaysRefresh":false,"showFog":true,"showSkybox":false,"showFlares":true,"showImageEffects":true,"showParticleSystems":true,"showVisualEffectGraphs":true,"m_FxEnabled":true},"in2DMode":false,"pivot":{"x":-2.9942922592163088,"y":0.36256253719329836,"z":1.9382930994033814},"rotation":{"x":0.29357489943504336,"y":0.5225326418876648,"z":-0.19776064157485963,"w":0.7756845951080322},"size":0.3478228449821472,"orthographic":false}