{"cameraMode":{"drawMode":0,"name":"Shaded","section":"Shading Mode"},"sceneLighting":false,"audioPlay":false,"sceneViewState":{"m_AlwaysRefresh":false,"showFog":true,"showSkybox":false,"showFlares":true,"showImageEffects":true,"showParticleSystems":true,"showVisualEffectGraphs":true,"m_FxEnabled":true},"in2DMode":false,"pivot":{"x":-2.471600294113159,"y":0.45782145857810976,"z":1.9551643133163453},"rotation":{"x":0.29357489943504336,"y":0.5225326418876648,"z":-0.19776064157485963,"w":0.7756845951080322},"size":0.44192245602607729,"orthographic":false}