{"cameraMode":{"drawMode":0,"name":"Shaded","section":"Shading Mode"},"sceneLighting":false,"audioPlay":false,"sceneViewState":{"m_AlwaysRefresh":false,"showFog":true,"showSkybox":false,"showFlares":true,"showImageEffects":true,"showParticleSystems":true,"showVisualEffectGraphs":true,"m_FxEnabled":true},"in2DMode":false,"pivot":{"x":-1.3241589069366456,"y":16.02887535095215,"z":0.22436833381652833},"rotation":{"x":0.2901107370853424,"y":0.7088068127632141,"z":-0.47747424244880679,"w":0.4306642711162567},"size":3.6063425540924074,"orthographic":false}