{"cameraMode":{"drawMode":0,"name":"Shaded","section":"Shading Mode"},"sceneLighting":false,"audioPlay":false,"sceneViewState":{"m_AlwaysRefresh":false,"showFog":true,"showSkybox":false,"showFlares":true,"showImageEffects":true,"showParticleSystems":true,"showVisualEffectGraphs":true,"m_FxEnabled":true},"in2DMode":false,"pivot":{"x":0.12553977966308595,"y":0.45782145857810976,"z":-1.7256330251693726},"rotation":{"x":0.2813867926597595,"y":-0.599166989326477,"z":0.23710620403289796,"w":0.7110886573791504},"size":0.44192248582839968,"orthographic":false}