{"cameraMode":{"drawMode":0,"name":"Shaded","section":"Shading Mode"},"sceneLighting":false,"audioPlay":false,"sceneViewState":{"m_AlwaysRefresh":false,"showFog":false,"showSkybox":false,"showFlares":false,"showImageEffects":false,"showParticleSystems":false,"showVisualEffectGraphs":true,"m_FxEnabled":true},"in2DMode":false,"pivot":{"x":-0.00903293490409851,"y":1.541076898574829,"z":-0.36918988823890688},"rotation":{"x":-0.33896109461784365,"y":0.2807812988758087,"z":-0.10674598067998886,"w":-0.8915624022483826},"size":0.1592293530702591,"orthographic":false}