{"cameraMode":{"drawMode":0,"name":"Shaded","section":"Shading Mode"},"sceneLighting":false,"audioPlay":false,"sceneViewState":{"m_AlwaysRefresh":false,"showFog":true,"showSkybox":false,"showFlares":true,"showImageEffects":true,"showParticleSystems":true,"showVisualEffectGraphs":true,"m_FxEnabled":true},"in2DMode":false,"pivot":{"x":-1.4485774040222169,"y":0.5819360017776489,"z":1.9374020099639893},"rotation":{"x":0.29357489943504336,"y":0.5225326418876648,"z":-0.19776064157485963,"w":0.7756845951080322},"size":0.5708185434341431,"orthographic":false}